{
    "accuracy": 0.6859756097560976,
    "precision": 0.6417910447761194,
    "recall": 0.3524590163934426,
    "f1_score": 0.455026455026455
}